ID_cliente;Denominacion;Tel_cliente;Mail_cliente
1;Buckridge LLC;614-156-3019;wmaskew0@scribd.com
2;Weissnat-Little;500-761-4832;ggroll1@gravatar.com
3;Konopelski-Kulas;760-606-3516;mnutten2@alibaba.com
4;Trantow, Koepp and Goyette;643-366-3074;gbyram3@businesswire.com
5;Goodwin, Rolfson and Shanahan;901-189-2231;ghaines4@walmart.com
6;Christiansen, Heathcote and Larson;698-159-1926;lgingell5@go.com
7;Koss, Mosciski and Cruickshank;811-715-0036;kpickburn6@cdc.gov
8;MacGyver, Boyle and Mraz;391-741-3163;vwooller7@europa.eu
9;Armstrong LLC;865-661-6072;bgroome8@seesaa.net
10;Hermiston, Boyle and Cole;938-916-2957;ocrawforth9@lycos.com
11;Rogahn-Streich;794-623-2752;gtidbolda@linkedin.com
12;Swift Group;482-984-1074;fmoulinb@goo.ne.jp
13;Maggio-Quitzon;348-930-9598;tvedenisovc@arizona.edu
14;Bosco Inc;973-219-6049;blyddend@bbb.org
15;Larson, Marquardt and Ward;909-740-2427;kbathame@rambler.ru
16;Sanford Group;951-294-6362;nlarderf@qq.com
17;Tillman, Little and Greenholt;616-912-8944;pcasteling@geocities.jp
18;Schowalter, Jast and Gerhold;104-943-9347;rbloodwortheh@wikispaces.com
19;Klein-Legros;179-215-7267;hatteri@wikimedia.org
20;Emmerich and Sons;472-707-9459;sdunkerlyj@spiegel.de
21;Leannon-Kunze;552-622-3428;tgibbensk@businessinsider.com
22;Graham Inc;370-421-5188;rmackettrickl@gnu.org
23;Windler-Koss;358-291-5644;mrobrosem@wunderground.com
24;Greenfelder and Sons;767-552-0693;ggrogann@symantec.com
25;Bradtke-Renner;759-224-3046;mgeorgievo@newsvine.com
26;Osinski, Beahan and Heathcote;809-422-3696;mkopmanp@fotki.com
27;Renner-Buckridge;448-700-1593;atrobridgeq@bloglovin.com
28;Johnston, Hermann and Greenholt;542-353-9860;ewannopr@wsj.com
29;Altenwerth-Hessel;832-201-2740;swainmans@qq.com
30;Hahn, Hyatt and VonRueden;485-700-1729;ayitzowitzt@people.com.cn
31;Reilly, Senger and Cruickshank;748-724-4247;eadneyu@cocolog-nifty.com
32;Reilly Group;415-453-1034;wlasslettv@php.net
33;Klein-Fay;242-475-1846;pmathyw@techcrunch.com
34;Mertz, Satterfield and Goyette;992-725-9212;iemeneyx@360.cn
35;Pfeffer, Balistreri and Gorczany;112-461-6408;dedgelly@google.co.uk
36;Bruen Group;770-379-3035;bmanuelz@webnode.com
37;Davis LLC;290-141-9801;cjurges10@tumblr.com
38;Glover, Satterfield and King;758-380-1727;sdeangelo11@instagram.com
39;Durgan-Leuschke;806-346-2173;gvowdon12@amazon.de
40;Steuber, Stracke and Marvin;321-762-9223;gmulqueeny13@washington.edu
